{
  "1_ingest": 0.20241790000000037,
  "2_clean": 1.6724116999830585,
  "3_feature_engineering": 149.25846849998925,
  "4_join_inventory": 0.0437192999816034,
  "5_score_risk": 0.06967970001278445,
  "6_rank_and_recommend": 0.07339629999478348,
  "total": 151.33274340000935
}